1,EMME (Nancy)
2,EIT (Annecy-Chambéry)
4,GC (Lille)
5,MAM (Nice-Sophia)
6,Informatique (Lyon)
7,BEMS (Angers)
9,MAM (Nice-Sophia)
10,MAM (Clermont-Ferrand)
12,QIF (Angers)
13,Systèmes Embarqués (Lille)
14,IG (Montpellier)
16,MAI (Sorbonne)
19,GC (Lille)
20,Systèmes Embarqués (Lille)
21,BEMS (Angers)
23,MAM (Clermont-Ferrand)
25,Robotique (Sorbonne)
27,Informatique (Nice-Sophia)
28,MAM (Nice-Sophia)
31,Matériaux (Nantes)
32,IESE (Grenoble)
33,Mécanique (Lille)
34,SAGI (Angers)
34,Robotique (Sorbonne)
36,Biomédical (Marseille)
38,EIT (Annecy-Chambéry)
39,Robotique (Sorbonne)
41,MAM (Nice-Sophia)
43,GGU (Lille)
44,EI (Sorbonne)
45,TEAM (Orléans)
49,Informatique (Lyon)
50,Informatique (Grenoble)
51,Eau et Genie Civil (Montpellier)
53,MCS (Tours)
54,Robotique (Sorbonne)
56,Bâtiments (Nice-Sophia)
57,MAM (Nice-Sophia)
58,GI (Orléans)
60,
,62,Mécanique (Lille)
64,IESE (Grenoble)
65,Informatique (Nantes)
66,EMME (Nancy)
67,Informatique (Lyon)
68,GP (Clermont-Ferrand)
69,Informatique (Paris-Saclay)
71,GC (Lille)
73,EMME (Nancy)
74,ETN (Nantes)
75,Informatique (Nantes)
76,GBS (Angers)
77,Informatique (Marseille)
"80,63134978",EMME (Nancy)
"82,14529915",EIT (Annecy-Chambéry)
"83,65924851",GC (Lille)
"85,17319787",MAM (Nice-Sophia)
"86,68714723",Informatique (Lyon)
"88,2010966",BEMS (Angers)
"89,71504596",MAM (Nice-Sophia)
"91,22899532",MAM (Clermont-Ferrand)
"92,74294469",QIF (Angers)
"94,25689405",Systèmes Embarqués (Lille)
"95,77084341",IG (Montpellier)
"97,28479278",MAI (Sorbonne)
"98,79874214",GC (Lille)
"100,3126915",Systèmes Embarqués (Lille)
"101,8266409",BEMS (Angers)
"103,3405902",MAM (Clermont-Ferrand)
"104,8545396",Robotique (Sorbonne)
"106,368489",Informatique (Nice-Sophia)
"107,8824383",MAM (Nice-Sophia)
"109,3963877",Matériaux (Nantes)
"110,910337",IESE (Grenoble)
"112,4242864",Mécanique (Lille)
"113,9382358",SAGI (Angers)
"115,4521851",Robotique (Sorbonne)
"116,9661345",Biomédical (Marseille)
"118,4800839",EIT (Annecy-Chambéry)
"119,9940332",Robotique (Sorbonne)
"121,5079826",MAM (Nice-Sophia)
"123,0219319",GGU (Lille)
"124,5358813",EI (Sorbonne)
"126,0498307",TEAM (Orléans)
"127,56378",Informatique (Lyon)
"129,0777294",Informatique (Grenoble)
"130,5916788",Eau et Genie Civil (Montpellier)
"132,1056281",MCS (Tours)
"133,6195775",Robotique (Sorbonne)
"135,1335269",Bâtiments (Nice-Sophia)
"136,6474762",MAM (Nice-Sophia)
"138,1614256",GI (Orléans)
"139,6753749",
,"141,1893243",Mécanique (Lille)
"142,7032737",IESE (Grenoble)
"144,217223",Informatique (Nantes)
"145,7311724",EMME (Nancy)
"147,2451218",Informatique (Lyon)
"148,7590711",GP (Clermont-Ferrand)
"150,2730205",Informatique (Paris-Saclay)
"151,7869698",GC (Lille)
"153,3009192",EMME (Nancy)
"154,8148686",ETN (Nantes)
"156,3288179",Informatique (Nantes)
"157,8427673",GBS (Angers)
"159,3567167",Informatique (Marseille)
"160,870666",EMME (Nancy)
"162,3846154",EIT (Annecy-Chambéry)
"163,8985647",GC (Lille)
"165,4125141",MAM (Nice-Sophia)
"166,9264635",Informatique (Lyon)
"168,4404128",BEMS (Angers)
"169,9543622",MAM (Nice-Sophia)
"171,4683116",MAM (Clermont-Ferrand)
"172,9822609",QIF (Angers)
"174,4962103",Systèmes Embarqués (Lille)
"176,0101597",IG (Montpellier)
"177,524109",MAI (Sorbonne)
"179,0380584",GC (Lille)
"180,5520077",Systèmes Embarqués (Lille)
"182,0659571",BEMS (Angers)
"183,5799065",MAM (Clermont-Ferrand)
"185,0938558",Robotique (Sorbonne)
"186,6078052",Informatique (Nice-Sophia)
"188,1217546",MAM (Nice-Sophia)
"189,6357039",Matériaux (Nantes)
"191,1496533",IESE (Grenoble)
"192,6636026",Mécanique (Lille)
"194,177552",SAGI (Angers)
"195,6915014",Robotique (Sorbonne)
"197,2054507",Biomédical (Marseille)
"198,7194001",EIT (Annecy-Chambéry)
"200,2333495",Robotique (Sorbonne)
"201,7472988",MAM (Nice-Sophia)
"203,2612482",GGU (Lille)
"204,7751975",EI (Sorbonne)
"206,2891469",TEAM (Orléans)
"207,8030963",Informatique (Lyon)
"209,3170456",Informatique (Grenoble)
"210,830995",Eau et Genie Civil (Montpellier)
"212,3449444",MCS (Tours)
"213,8588937",Robotique (Sorbonne)
"215,3728431",Bâtiments (Nice-Sophia)
"216,8867925",MAM (Nice-Sophia)
"218,4007418",GI (Orléans)
"219,9146912",
,"221,4286405",Mécanique (Lille)
"222,9425899",IESE (Grenoble)
"224,4565393",Informatique (Nantes)
"225,9704886",EMME (Nancy)
"227,484438",Informatique (Lyon)
"228,9983874",GP (Clermont-Ferrand)
"230,5123367",Informatique (Paris-Saclay)
"232,0262861",GC (Lille)
"233,5402354",EMME (Nancy)
"235,0541848",ETN (Nantes)
"236,5681342",Informatique (Nantes)
"238,0820835",GBS (Angers)
"239,5960329",Informatique (Marseille)
"241,1099823",EMME (Nancy)
"242,6239316",EIT (Annecy-Chambéry)
"244,137881",GC (Lille)
"245,6518303",MAM (Nice-Sophia)
"247,1657797",Informatique (Lyon)
"248,6797291",BEMS (Angers)
"250,1936784",MAM (Nice-Sophia)
"251,7076278",MAM (Clermont-Ferrand)
"253,2215772",QIF (Angers)
"254,7355265",Systèmes Embarqués (Lille)
"256,2494759",IG (Montpellier)
"257,7634253",MAI (Sorbonne)
"259,2773746",GC (Lille)
"260,791324",Systèmes Embarqués (Lille)
"262,3052733",BEMS (Angers)
"263,8192227",MAM (Clermont-Ferrand)
"265,3331721",Robotique (Sorbonne)
"266,8471214",Informatique (Nice-Sophia)
"268,3610708",MAM (Nice-Sophia)
"269,8750202",Matériaux (Nantes)
"271,3889695",IESE (Grenoble)
"272,9029189",Mécanique (Lille)
"274,4168682",SAGI (Angers)
"275,9308176",Robotique (Sorbonne)
"277,444767",Biomédical (Marseille)
"278,9587163",EIT (Annecy-Chambéry)
"280,4726657",Robotique (Sorbonne)
"281,9866151",MAM (Nice-Sophia)
"283,5005644",GGU (Lille)
"285,0145138",EI (Sorbonne)
"286,5284632",TEAM (Orléans)
"288,0424125",Informatique (Lyon)
"289,5563619",Informatique (Grenoble)
"291,0703112",Eau et Genie Civil (Montpellier)
"292,5842606",MCS (Tours)
"294,09821",Robotique (Sorbonne)
"295,6121593",Bâtiments (Nice-Sophia)
"297,1261087",MAM (Nice-Sophia)
"298,6400581",GI (Orléans)
"300,1540074",
,"301,6679568",Mécanique (Lille)
"303,1819061",IESE (Grenoble)
"304,6958555",Informatique (Nantes)
"306,2098049",EMME (Nancy)
"307,7237542",Informatique (Lyon)
"309,2377036",GP (Clermont-Ferrand)
"310,751653",Informatique (Paris-Saclay)
"312,2656023",GC (Lille)
"313,7795517",EMME (Nancy)
"315,293501",ETN (Nantes)
"316,8074504",Informatique (Nantes)
"318,3213998",GBS (Angers)
"319,8353491",Informatique (Marseille)
"321,3492985",EMME (Nancy)
"322,8632479",EIT (Annecy-Chambéry)
"324,3771972",GC (Lille)
"325,8911466",MAM (Nice-Sophia)
"327,405096",Informatique (Lyon)
"328,9190453",BEMS (Angers)
"330,4329947",MAM (Nice-Sophia)
"331,946944",MAM (Clermont-Ferrand)
"333,4608934",QIF (Angers)
"334,9748428",Systèmes Embarqués (Lille)
"336,4887921",IG (Montpellier)
"338,0027415",MAI (Sorbonne)
"339,5166909",GC (Lille)
"341,0306402",Systèmes Embarqués (Lille)
"342,5445896",BEMS (Angers)
"344,0585389",MAM (Clermont-Ferrand)
"345,5724883",Robotique (Sorbonne)
"347,0864377",Informatique (Nice-Sophia)
"348,600387",MAM (Nice-Sophia)
"350,1143364",Matériaux (Nantes)
"351,6282858",IESE (Grenoble)
"353,1422351",Mécanique (Lille)
"354,6561845",SAGI (Angers)
"356,1701338",Robotique (Sorbonne)
"357,6840832",Biomédical (Marseille)
"359,1980326",EIT (Annecy-Chambéry)
"360,7119819",Robotique (Sorbonne)
"362,2259313",MAM (Nice-Sophia)
"363,7398807",GGU (Lille)
"365,25383",EI (Sorbonne)
"366,7677794",TEAM (Orléans)
"368,2817288",Informatique (Lyon)
"369,7956781",Informatique (Grenoble)
"371,3096275",Eau et Genie Civil (Montpellier)
"372,8235768",MCS (Tours)
"374,3375262",Robotique (Sorbonne)
"375,8514756",Bâtiments (Nice-Sophia)
"377,3654249",MAM (Nice-Sophia)
"378,8793743",GI (Orléans)
"380,3933237",
,"381,907273",Mécanique (Lille)
"383,4212224",IESE (Grenoble)
"384,9351717",Informatique (Nantes)
"386,4491211",EMME (Nancy)
"387,9630705",Informatique (Lyon)
"389,4770198",GP (Clermont-Ferrand)
"390,9909692",Informatique (Paris-Saclay)
"392,5049186",GC (Lille)
"394,0188679",EMME (Nancy)
"395,5328173",ETN (Nantes)
"397,0467667",Informatique (Nantes)
"398,560716",GBS (Angers)
"400,0746654",Informatique (Marseille)
"401,5886147",EMME (Nancy)
"403,1025641",EIT (Annecy-Chambéry)
"404,6165135",GC (Lille)
"406,1304628",MAM (Nice-Sophia)
"407,6444122",Informatique (Lyon)
"409,1583616",BEMS (Angers)
"410,6723109",MAM (Nice-Sophia)
"412,1862603",MAM (Clermont-Ferrand)
"413,7002096",QIF (Angers)
"415,214159",Systèmes Embarqués (Lille)
"416,7281084",IG (Montpellier)
"418,2420577",MAI (Sorbonne)
"419,7560071",GC (Lille)
"421,2699565",Systèmes Embarqués (Lille)
"422,7839058",BEMS (Angers)
"424,2978552",MAM (Clermont-Ferrand)
"425,8118045",Robotique (Sorbonne)
"427,3257539",Informatique (Nice-Sophia)
"428,8397033",MAM (Nice-Sophia)
"430,3536526",Matériaux (Nantes)
"431,867602",IESE (Grenoble)
"433,3815514",Mécanique (Lille)
"434,8955007",SAGI (Angers)
"436,4094501",Robotique (Sorbonne)
"437,9233995",Biomédical (Marseille)
"439,4373488",EIT (Annecy-Chambéry)
"440,9512982",Robotique (Sorbonne)
"442,4652475",MAM (Nice-Sophia)
"443,9791969",GGU (Lille)
"445,4931463",EI (Sorbonne)
"447,0070956",TEAM (Orléans)
"448,521045",Informatique (Lyon)
"450,0349944",Informatique (Grenoble)
"451,5489437",Eau et Genie Civil (Montpellier)
"453,0628931",MCS (Tours)
"454,5768424",Robotique (Sorbonne)
"456,0907918",Bâtiments (Nice-Sophia)
"457,6047412",MAM (Nice-Sophia)
"459,1186905",GI (Orléans)
"460,6326399",
,"462,1465893",Mécanique (Lille)
"463,6605386",IESE (Grenoble)
"465,174488",Informatique (Nantes)
"466,6884373",EMME (Nancy)
"468,2023867",Informatique (Lyon)
"469,7163361",GP (Clermont-Ferrand)
"471,2302854",Informatique (Paris-Saclay)
"472,7442348",GC (Lille)
"474,2581842",EMME (Nancy)
"475,7721335",ETN (Nantes)
"477,2860829",Informatique (Nantes)
"478,8000323",GBS (Angers)
"480,3139816",Informatique (Marseille)
"481,827931",EMME (Nancy)
"483,3418803",EIT (Annecy-Chambéry)
"484,8558297",GC (Lille)
"486,3697791",MAM (Nice-Sophia)
"487,8837284",Informatique (Lyon)
"489,3976778",BEMS (Angers)
"490,9116272",MAM (Nice-Sophia)
"492,4255765",MAM (Clermont-Ferrand)
"493,9395259",QIF (Angers)
"495,4534752",Systèmes Embarqués (Lille)
"496,9674246",IG (Montpellier)
"498,481374",MAI (Sorbonne)
"499,9953233",GC (Lille)
"501,5092727",Systèmes Embarqués (Lille)
"503,0232221",BEMS (Angers)
"504,5371714",MAM (Clermont-Ferrand)
"506,0511208",Robotique (Sorbonne)
"507,5650701",Informatique (Nice-Sophia)
"509,0790195",MAM (Nice-Sophia)
"510,5929689",Matériaux (Nantes)
"512,1069182",IESE (Grenoble)
"513,6208676",Mécanique (Lille)
"515,134817",SAGI (Angers)
"516,6487663",Robotique (Sorbonne)
"518,1627157",Biomédical (Marseille)
"519,6766651",EIT (Annecy-Chambéry)
"521,1906144",Robotique (Sorbonne)
"522,7045638",MAM (Nice-Sophia)
"524,2185131",GGU (Lille)
"525,7324625",EI (Sorbonne)
"527,2464119",TEAM (Orléans)
"528,7603612",Informatique (Lyon)
"530,2743106",Informatique (Grenoble)
"531,78826",Eau et Genie Civil (Montpellier)
"533,3022093",MCS (Tours)
"534,8161587",Robotique (Sorbonne)
"536,330108",Bâtiments (Nice-Sophia)
"537,8440574",MAM (Nice-Sophia)
"539,3580068",GI (Orléans)
"540,8719561",
,"542,3859055",Mécanique (Lille)
"543,8998549",IESE (Grenoble)
"545,4138042",Informatique (Nantes)
"546,9277536",EMME (Nancy)
"548,441703",Informatique (Lyon)
"549,9556523",GP (Clermont-Ferrand)
"551,4696017",Informatique (Paris-Saclay)
"552,983551",GC (Lille)
"554,4975004",EMME (Nancy)
"556,0114498",ETN (Nantes)
"557,5253991",Informatique (Nantes)
"559,0393485",GBS (Angers)
"560,5532979",Informatique (Marseille)
"562,0672472",EMME (Nancy)
"563,5811966",EIT (Annecy-Chambéry)
"565,0951459",GC (Lille)
"566,6090953",MAM (Nice-Sophia)
"568,1230447",Informatique (Lyon)
"569,636994",BEMS (Angers)
"571,1509434",MAM (Nice-Sophia)
"572,6648928",MAM (Clermont-Ferrand)
"574,1788421",QIF (Angers)
"575,6927915",Systèmes Embarqués (Lille)
"577,2067408",IG (Montpellier)
"578,7206902",MAI (Sorbonne)
"580,2346396",GC (Lille)
"581,7485889",Systèmes Embarqués (Lille)
"583,2625383",BEMS (Angers)
"584,7764877",MAM (Clermont-Ferrand)
"586,290437",Robotique (Sorbonne)
"587,8043864",Informatique (Nice-Sophia)
"589,3183358",MAM (Nice-Sophia)
"590,8322851",Matériaux (Nantes)
"592,3462345",IESE (Grenoble)
"593,8601838",Mécanique (Lille)
"595,3741332",SAGI (Angers)
"596,8880826",Robotique (Sorbonne)
"598,4020319",Biomédical (Marseille)
"599,9159813",EIT (Annecy-Chambéry)
"601,4299307",Robotique (Sorbonne)
"602,94388",MAM (Nice-Sophia)
"604,4578294",GGU (Lille)
"605,9717787",EI (Sorbonne)
"607,4857281",TEAM (Orléans)
"608,9996775",Informatique (Lyon)
"610,5136268",Informatique (Grenoble)
"612,0275762",Eau et Genie Civil (Montpellier)
"613,5415256",MCS (Tours)
"615,0554749",Robotique (Sorbonne)
"616,5694243",Bâtiments (Nice-Sophia)
"618,0833736",MAM (Nice-Sophia)
"619,597323",GI (Orléans)
"621,1112724",
,"622,6252217",Mécanique (Lille)
"624,1391711",IESE (Grenoble)
"625,6531205",Informatique (Nantes)
"627,1670698",EMME (Nancy)
"628,6810192",Informatique (Lyon)
"630,1949686",GP (Clermont-Ferrand)
"631,7089179",Informatique (Paris-Saclay)
"633,2228673",GC (Lille)
"634,7368166",EMME (Nancy)
"636,250766",ETN (Nantes)
"637,7647154",Informatique (Nantes)
"639,2786647",GBS (Angers)
"640,7926141",Informatique (Marseille)
"642,3065635",EMME (Nancy)
"643,8205128",EIT (Annecy-Chambéry)
"645,3344622",GC (Lille)
"646,8484115",MAM (Nice-Sophia)
"648,3623609",Informatique (Lyon)
"649,8763103",BEMS (Angers)
"651,3902596",MAM (Nice-Sophia)
"652,904209",MAM (Clermont-Ferrand)
"654,4181584",QIF (Angers)
"655,9321077",Systèmes Embarqués (Lille)
"657,4460571",IG (Montpellier)
"658,9600065",MAI (Sorbonne)
"660,4739558",GC (Lille)
"661,9879052",Systèmes Embarqués (Lille)
"663,5018545",BEMS (Angers)
"665,0158039",MAM (Clermont-Ferrand)
"666,5297533",Robotique (Sorbonne)
"668,0437026",Informatique (Nice-Sophia)
"669,557652",MAM (Nice-Sophia)
"671,0716014",Matériaux (Nantes)
"672,5855507",IESE (Grenoble)
"674,0995001",Mécanique (Lille)
"675,6134494",SAGI (Angers)
"677,1273988",Robotique (Sorbonne)
"678,6413482",Biomédical (Marseille)
"680,1552975",EIT (Annecy-Chambéry)
"681,6692469",Robotique (Sorbonne)
"683,1831963",MAM (Nice-Sophia)
"684,6971456",GGU (Lille)
"686,211095",EI (Sorbonne)
"687,7250443",TEAM (Orléans)
"689,2389937",Informatique (Lyon)
"690,7529431",Informatique (Grenoble)
"692,2668924",Eau et Genie Civil (Montpellier)
"693,7808418",MCS (Tours)
"695,2947912",Robotique (Sorbonne)
"696,8087405",Bâtiments (Nice-Sophia)
"698,3226899",MAM (Nice-Sophia)
"699,8366393",GI (Orléans)
"701,3505886",
,"702,864538",Mécanique (Lille)
"704,3784873",IESE (Grenoble)
"705,8924367",Informatique (Nantes)
"707,4063861",EMME (Nancy)
"708,9203354",Informatique (Lyon)
"710,4342848",GP (Clermont-Ferrand)
"711,9482342",Informatique (Paris-Saclay)
"713,4621835",GC (Lille)
"714,9761329",EMME (Nancy)
"716,4900822",ETN (Nantes)
"718,0040316",Informatique (Nantes)
"719,517981",GBS (Angers)
"721,0319303",Informatique (Marseille)
"722,5458797",EMME (Nancy)
"724,0598291",EIT (Annecy-Chambéry)
"725,5737784",GC (Lille)
"727,0877278",MAM (Nice-Sophia)
"728,6016771",Informatique (Lyon)
"730,1156265",BEMS (Angers)
"731,6295759",MAM (Nice-Sophia)
"733,1435252",MAM (Clermont-Ferrand)
"734,6574746",QIF (Angers)
"736,171424",Systèmes Embarqués (Lille)
"737,6853733",IG (Montpellier)
"739,1993227",MAI (Sorbonne)
"740,7132721",GC (Lille)
"742,2272214",Systèmes Embarqués (Lille)
"743,7411708",BEMS (Angers)
"745,2551201",MAM (Clermont-Ferrand)
"746,7690695",Robotique (Sorbonne)
"748,2830189",Informatique (Nice-Sophia)
"749,7969682",MAM (Nice-Sophia)
"751,3109176",Matériaux (Nantes)
"752,824867",IESE (Grenoble)
"754,3388163",Mécanique (Lille)
"755,8527657",SAGI (Angers)
"757,366715",Robotique (Sorbonne)
"758,8806644",Biomédical (Marseille)
"760,3946138",EIT (Annecy-Chambéry)
"761,9085631",Robotique (Sorbonne)
"763,4225125",MAM (Nice-Sophia)
"764,9364619",GGU (Lille)
"766,4504112",EI (Sorbonne)
"767,9643606",TEAM (Orléans)
"769,47831",Informatique (Lyon)
"770,9922593",Informatique (Grenoble)
"772,5062087",Eau et Genie Civil (Montpellier)
"774,020158",MCS (Tours)
"775,5341074",Robotique (Sorbonne)
"777,0480568",Bâtiments (Nice-Sophia)
"778,5620061",MAM (Nice-Sophia)
"780,0759555",GI (Orléans)
"781,5899049",
,"783,1038542",Mécanique (Lille)
"784,6178036",IESE (Grenoble)
"786,1317529",Informatique (Nantes)
"787,6457023",EMME (Nancy)
"789,1596517",Informatique (Lyon)
"790,673601",GP (Clermont-Ferrand)
"792,1875504",Informatique (Paris-Saclay)
"793,7014998",GC (Lille)
"795,2154491",EMME (Nancy)
"796,7293985",ETN (Nantes)
"798,2433478",Informatique (Nantes)
"799,7572972",GBS (Angers)
"801,2712466",Informatique (Marseille)
"802,7851959",EMME (Nancy)
"804,2991453",EIT (Annecy-Chambéry)
"805,8130947",GC (Lille)
"807,327044",MAM (Nice-Sophia)
"808,8409934",Informatique (Lyon)
"810,3549428",BEMS (Angers)
"811,8688921",MAM (Nice-Sophia)
"813,3828415",MAM (Clermont-Ferrand)
"814,8967908",QIF (Angers)
"816,4107402",Systèmes Embarqués (Lille)
"817,9246896",IG (Montpellier)
"819,4386389",MAI (Sorbonne)
"820,9525883",GC (Lille)
"822,4665377",Systèmes Embarqués (Lille)
"823,980487",BEMS (Angers)
"825,4944364",MAM (Clermont-Ferrand)
"827,0083857",Robotique (Sorbonne)
"828,5223351",Informatique (Nice-Sophia)
"830,0362845",MAM (Nice-Sophia)
"831,5502338",Matériaux (Nantes)
"833,0641832",IESE (Grenoble)
"834,5781326",Mécanique (Lille)
"836,0920819",SAGI (Angers)
"837,6060313",Robotique (Sorbonne)
"839,1199806",Biomédical (Marseille)
"840,63393",EIT (Annecy-Chambéry)
"842,1478794",Robotique (Sorbonne)
"843,6618287",MAM (Nice-Sophia)
"845,1757781",GGU (Lille)
"846,6897275",EI (Sorbonne)
"848,2036768",TEAM (Orléans)
"849,7176262",Informatique (Lyon)
"851,2315756",Informatique (Grenoble)
"852,7455249",Eau et Genie Civil (Montpellier)
"854,2594743",MCS (Tours)
"855,7734236",Robotique (Sorbonne)
"857,287373",Bâtiments (Nice-Sophia)
"858,8013224",MAM (Nice-Sophia)
"860,3152717",GI (Orléans)
"861,8292211",
,"863,3431705",Mécanique (Lille)
"864,8571198",IESE (Grenoble)
"866,3710692",Informatique (Nantes)
"867,8850185",EMME (Nancy)
"869,3989679",Informatique (Lyon)
"870,9129173",GP (Clermont-Ferrand)
"872,4268666",Informatique (Paris-Saclay)
"873,940816",GC (Lille)
"875,4547654",EMME (Nancy)
"876,9687147",ETN (Nantes)
"878,4826641",Informatique (Nantes)
"879,9966134",GBS (Angers)
"881,5105628",Informatique (Marseille)
"883,0245122",EMME (Nancy)
"884,5384615",EIT (Annecy-Chambéry)
"886,0524109",GC (Lille)
"887,5663603",MAM (Nice-Sophia)
"889,0803096",Informatique (Lyon)
"890,594259",BEMS (Angers)
"892,1082084",MAM (Nice-Sophia)
"893,6221577",MAM (Clermont-Ferrand)
"895,1361071",QIF (Angers)
"896,6500564",Systèmes Embarqués (Lille)
"898,1640058",IG (Montpellier)
"899,6779552",MAI (Sorbonne)
"901,1919045",GC (Lille)
"902,7058539",Systèmes Embarqués (Lille)
"904,2198033",BEMS (Angers)
"905,7337526",MAM (Clermont-Ferrand)
"907,247702",Robotique (Sorbonne)
"908,7616513",Informatique (Nice-Sophia)
"910,2756007",MAM (Nice-Sophia)
"911,7895501",Matériaux (Nantes)
"913,3034994",IESE (Grenoble)
"914,8174488",Mécanique (Lille)
"916,3313982",SAGI (Angers)
"917,8453475",Robotique (Sorbonne)
"919,3592969",Biomédical (Marseille)
"920,8732463",EIT (Annecy-Chambéry)
"922,3871956",Robotique (Sorbonne)
"923,901145",MAM (Nice-Sophia)
"925,4150943",GGU (Lille)
"926,9290437",EI (Sorbonne)
"928,4429931",TEAM (Orléans)
"929,9569424",Informatique (Lyon)
"931,4708918",Informatique (Grenoble)
"932,9848412",Eau et Genie Civil (Montpellier)
"934,4987905",MCS (Tours)
"936,0127399",Robotique (Sorbonne)
"937,5266892",Bâtiments (Nice-Sophia)
"939,0406386",MAM (Nice-Sophia)
"940,554588",GI (Orléans)
"942,0685373",
,"943,5824867",Mécanique (Lille)
"945,0964361",IESE (Grenoble)
"946,6103854",Informatique (Nantes)
"948,1243348",EMME (Nancy)
"949,6382841",Informatique (Lyon)
"951,1522335",GP (Clermont-Ferrand)
"952,6661829",Informatique (Paris-Saclay)
"954,1801322",GC (Lille)
"955,6940816",EMME (Nancy)
"957,208031",ETN (Nantes)
"958,7219803",Informatique (Nantes)
"960,2359297",GBS (Angers)
"961,7498791",Informatique (Marseille)
"963,2638284",EMME (Nancy)
"964,7777778",EIT (Annecy-Chambéry)
"966,2917271",GC (Lille)
"967,8056765",MAM (Nice-Sophia)
"969,3196259",Informatique (Lyon)
"970,8335752",BEMS (Angers)
"972,3475246",MAM (Nice-Sophia)
"973,861474",MAM (Clermont-Ferrand)
"975,3754233",QIF (Angers)
"976,8893727",Systèmes Embarqués (Lille)
"978,403322",IG (Montpellier)
"979,9172714",MAI (Sorbonne)
"981,4312208",GC (Lille)
"982,9451701",Systèmes Embarqués (Lille)
"984,4591195",BEMS (Angers)
"985,9730689",MAM (Clermont-Ferrand)
"987,4870182",Robotique (Sorbonne)
"989,0009676",Informatique (Nice-Sophia)
"990,5149169",MAM (Nice-Sophia)
"992,0288663",Matériaux (Nantes)
"993,5428157",IESE (Grenoble)
"995,056765",Mécanique (Lille)
"996,5707144",SAGI (Angers)
"998,0846638",Robotique (Sorbonne)
"999,5986131",Biomédical (Marseille)
"1001,112562",EIT (Annecy-Chambéry)
"1002,626512",Robotique (Sorbonne)
"1004,140461",MAM (Nice-Sophia)
"1005,654411",GGU (Lille)
"1007,16836",EI (Sorbonne)
"1008,682309",TEAM (Orléans)
"1010,196259",Informatique (Lyon)
"1011,710208",Informatique (Grenoble)
"1013,224157",Eau et Genie Civil (Montpellier)
"1014,738107",MCS (Tours)
"1016,252056",Robotique (Sorbonne)
"1017,766005",Bâtiments (Nice-Sophia)
"1019,279955",MAM (Nice-Sophia)
"1020,793904",GI (Orléans)
"1022,307854",
,"1023,821803",Mécanique (Lille)
"1025,335752",IESE (Grenoble)
"1026,849702",Informatique (Nantes)
"1028,363651",EMME (Nancy)
"1029,8776",Informatique (Lyon)
"1031,39155",GP (Clermont-Ferrand)
"1032,905499",Informatique (Paris-Saclay)
"1034,419448",GC (Lille)
"1035,933398",EMME (Nancy)
"1037,447347",ETN (Nantes)
"1038,961297",Informatique (Nantes)
"1040,475246",GBS (Angers)
"1041,989195",Informatique (Marseille)
"1043,503145",EMME (Nancy)
"1045,017094",EIT (Annecy-Chambéry)
"1046,531043",GC (Lille)
"1048,044993",MAM (Nice-Sophia)
"1049,558942",Informatique (Lyon)
"1051,072891",BEMS (Angers)
"1052,586841",MAM (Nice-Sophia)
"1054,10079",MAM (Clermont-Ferrand)
"1055,61474",QIF (Angers)
"1057,128689",Systèmes Embarqués (Lille)
"1058,642638",IG (Montpellier)
"1060,156588",MAI (Sorbonne)
"1061,670537",GC (Lille)
"1063,184486",Systèmes Embarqués (Lille)
"1064,698436",BEMS (Angers)
"1066,212385",MAM (Clermont-Ferrand)
"1067,726334",Robotique (Sorbonne)
"1069,240284",Informatique (Nice-Sophia)
"1070,754233",MAM (Nice-Sophia)
"1072,268183",Matériaux (Nantes)
"1073,782132",IESE (Grenoble)
"1075,296081",Mécanique (Lille)
"1076,810031",SAGI (Angers)
"1078,32398",Robotique (Sorbonne)
"1079,837929",Biomédical (Marseille)
"1081,351879",EIT (Annecy-Chambéry)
"1082,865828",Robotique (Sorbonne)
"1084,379777",MAM (Nice-Sophia)
"1085,893727",GGU (Lille)
"1087,407676",EI (Sorbonne)
"1088,921626",TEAM (Orléans)
"1090,435575",Informatique (Lyon)
"1091,949524",Informatique (Grenoble)
"1093,463474",Eau et Genie Civil (Montpellier)
"1094,977423",MCS (Tours)
"1096,491372",Robotique (Sorbonne)
"1098,005322",Bâtiments (Nice-Sophia)
"1099,519271",MAM (Nice-Sophia)
"1101,03322",GI (Orléans)
"1102,54717",
,"1104,061119",Mécanique (Lille)
"1105,575069",IESE (Grenoble)
"1107,089018",Informatique (Nantes)
"1108,602967",EMME (Nancy)
"1110,116917",Informatique (Lyon)
"1111,630866",GP (Clermont-Ferrand)
"1113,144815",Informatique (Paris-Saclay)
"1114,658765",GC (Lille)
"1116,172714",EMME (Nancy)
"1117,686663",ETN (Nantes)
"1119,200613",Informatique (Nantes)
"1120,714562",GBS (Angers)
"1122,228512",Informatique (Marseille)
"1123,742461",EMME (Nancy)
"1125,25641",EIT (Annecy-Chambéry)
"1126,77036",GC (Lille)
"1128,284309",MAM (Nice-Sophia)
"1129,798258",Informatique (Lyon)
"1131,312208",BEMS (Angers)
"1132,826157",MAM (Nice-Sophia)
"1134,340106",MAM (Clermont-Ferrand)
"1135,854056",QIF (Angers)
"1137,368005",Systèmes Embarqués (Lille)
"1138,881955",IG (Montpellier)
"1140,395904",MAI (Sorbonne)
"1141,909853",GC (Lille)
"1143,423803",Systèmes Embarqués (Lille)
"1144,937752",BEMS (Angers)
"1146,451701",MAM (Clermont-Ferrand)
"1147,965651",Robotique (Sorbonne)
"1149,4796",Informatique (Nice-Sophia)
"1150,993549",MAM (Nice-Sophia)
"1152,507499",Matériaux (Nantes)
"1154,021448",IESE (Grenoble)
"1155,535398",Mécanique (Lille)
"1157,049347",SAGI (Angers)
"1158,563296",Robotique (Sorbonne)
"1160,077246",Biomédical (Marseille)
"1161,591195",EIT (Annecy-Chambéry)
"1163,105144",Robotique (Sorbonne)
"1164,619094",MAM (Nice-Sophia)
"1166,133043",GGU (Lille)
"1167,646992",EI (Sorbonne)
"1169,160942",TEAM (Orléans)
"1170,674891",Informatique (Lyon)
"1172,188841",Informatique (Grenoble)
"1173,70279",Eau et Genie Civil (Montpellier)
"1175,216739",MCS (Tours)
"1176,730689",Robotique (Sorbonne)
"1178,244638",Bâtiments (Nice-Sophia)
"1179,758587",MAM (Nice-Sophia)
"1181,272537",GI (Orléans)
"1182,786486",
,"1184,300435",Mécanique (Lille)
"1185,814385",IESE (Grenoble)
"1187,328334",Informatique (Nantes)
"1188,842284",EMME (Nancy)
"1190,356233",Informatique (Lyon)
"1191,870182",GP (Clermont-Ferrand)
"1193,384132",Informatique (Paris-Saclay)
"1194,898081",GC (Lille)
"1196,41203",EMME (Nancy)
"1197,92598",ETN (Nantes)
"1199,439929",Informatique (Nantes)
"1200,953878",GBS (Angers)
"1202,467828",Informatique (Marseille)
"1203,981777",EMME (Nancy)
"1205,495726",EIT (Annecy-Chambéry)
"1207,009676",GC (Lille)
"1208,523625",MAM (Nice-Sophia)
"1210,037575",Informatique (Lyon)
"1211,551524",BEMS (Angers)
"1213,065473",MAM (Nice-Sophia)
"1214,579423",MAM (Clermont-Ferrand)
"1216,093372",QIF (Angers)
"1217,607321",Systèmes Embarqués (Lille)
"1219,121271",IG (Montpellier)
"1220,63522",MAI (Sorbonne)
"1222,149169",GC (Lille)
"1223,663119",Systèmes Embarqués (Lille)
"1225,177068",BEMS (Angers)
"1226,691018",MAM (Clermont-Ferrand)
"1228,204967",Robotique (Sorbonne)
"1229,718916",Informatique (Nice-Sophia)
"1231,232866",MAM (Nice-Sophia)
"1232,746815",Matériaux (Nantes)
"1234,260764",IESE (Grenoble)
"1235,774714",Mécanique (Lille)
"1237,288663",SAGI (Angers)
"1238,802612",Robotique (Sorbonne)
"1240,316562",Biomédical (Marseille)
"1241,830511",EIT (Annecy-Chambéry)
"1243,344461",Robotique (Sorbonne)
"1244,85841",MAM (Nice-Sophia)
"1246,372359",GGU (Lille)
"1247,886309",EI (Sorbonne)
"1249,400258",TEAM (Orléans)
"1250,914207",Informatique (Lyon)
"1252,428157",Informatique (Grenoble)
"1253,942106",Eau et Genie Civil (Montpellier)
"1255,456055",MCS (Tours)
"1256,970005",Robotique (Sorbonne)
"1258,483954",Bâtiments (Nice-Sophia)
"1259,997904",MAM (Nice-Sophia)
"1261,511853",GI (Orléans)
"1263,025802",
,"1264,539752",Mécanique (Lille)
"1266,053701",IESE (Grenoble)
"1267,56765",Informatique (Nantes)
"1269,0816",EMME (Nancy)
"1270,595549",Informatique (Lyon)
"1272,109498",GP (Clermont-Ferrand)
"1273,623448",Informatique (Paris-Saclay)
"1275,137397",GC (Lille)
"1276,651347",EMME (Nancy)
"1278,165296",ETN (Nantes)
"1279,679245",Informatique (Nantes)
"1281,193195",GBS (Angers)
"1282,707144",Informatique (Marseille)
"1284,221093",EMME (Nancy)
"1285,735043",EIT (Annecy-Chambéry)
"1287,248992",GC (Lille)
"1288,762941",MAM (Nice-Sophia)
"1290,276891",Informatique (Lyon)
"1291,79084",BEMS (Angers)
"1293,30479",MAM (Nice-Sophia)
"1294,818739",MAM (Clermont-Ferrand)
"1296,332688",QIF (Angers)
"1297,846638",Systèmes Embarqués (Lille)
"1299,360587",IG (Montpellier)
"1300,874536",MAI (Sorbonne)
"1302,388486",GC (Lille)
"1303,902435",Systèmes Embarqués (Lille)
"1305,416384",BEMS (Angers)
"1306,930334",MAM (Clermont-Ferrand)
"1308,444283",Robotique (Sorbonne)
"1309,958233",Informatique (Nice-Sophia)
"1311,472182",MAM (Nice-Sophia)
"1312,986131",Matériaux (Nantes)
"1314,500081",IESE (Grenoble)
"1316,01403",Mécanique (Lille)
"1317,527979",SAGI (Angers)
"1319,041929",Robotique (Sorbonne)
"1320,555878",Biomédical (Marseille)
"1322,069827",EIT (Annecy-Chambéry)
"1323,583777",Robotique (Sorbonne)
"1325,097726",MAM (Nice-Sophia)
"1326,611676",GGU (Lille)
"1328,125625",EI (Sorbonne)
"1329,639574",TEAM (Orléans)
"1331,153524",Informatique (Lyon)
"1332,667473",Informatique (Grenoble)
"1334,181422",Eau et Genie Civil (Montpellier)
"1335,695372",MCS (Tours)
"1337,209321",Robotique (Sorbonne)
"1338,72327",Bâtiments (Nice-Sophia)
"1340,23722",MAM (Nice-Sophia)
"1341,751169",GI (Orléans)
"1343,265119",
,"1344,779068",Mécanique (Lille)
"1346,293017",IESE (Grenoble)
"1347,806967",Informatique (Nantes)
"1349,320916",EMME (Nancy)
"1350,834865",Informatique (Lyon)
"1352,348815",GP (Clermont-Ferrand)
"1353,862764",Informatique (Paris-Saclay)
"1355,376713",GC (Lille)
"1356,890663",EMME (Nancy)
"1358,404612",ETN (Nantes)
"1359,918562",Informatique (Nantes)
"1361,432511",GBS (Angers)
"1362,94646",Informatique (Marseille)
"1364,46041",EMME (Nancy)
"1365,974359",EIT (Annecy-Chambéry)
"1367,488308",GC (Lille)
"1369,002258",MAM (Nice-Sophia)
"1370,516207",Informatique (Lyon)
"1372,030156",BEMS (Angers)
"1373,544106",MAM (Nice-Sophia)
"1375,058055",MAM (Clermont-Ferrand)
"1376,572005",QIF (Angers)
"1378,085954",Systèmes Embarqués (Lille)
"1379,599903",IG (Montpellier)
"1381,113853",MAI (Sorbonne)
"1382,627802",GC (Lille)
"1384,141751",Systèmes Embarqués (Lille)
"1385,655701",BEMS (Angers)
"1387,16965",MAM (Clermont-Ferrand)
"1388,683599",Robotique (Sorbonne)
"1390,197549",Informatique (Nice-Sophia)
"1391,711498",MAM (Nice-Sophia)
"1393,225448",Matériaux (Nantes)
"1394,739397",IESE (Grenoble)
"1396,253346",Mécanique (Lille)
"1397,767296",SAGI (Angers)
"1399,281245",Robotique (Sorbonne)
"1400,795194",Biomédical (Marseille)
"1402,309144",EIT (Annecy-Chambéry)
"1403,823093",Robotique (Sorbonne)
"1405,337042",MAM (Nice-Sophia)
"1406,850992",GGU (Lille)
"1408,364941",EI (Sorbonne)
"1409,878891",TEAM (Orléans)
"1411,39284",Informatique (Lyon)
"1412,906789",Informatique (Grenoble)
"1414,420739",Eau et Genie Civil (Montpellier)
"1415,934688",MCS (Tours)
"1417,448637",Robotique (Sorbonne)
"1418,962587",Bâtiments (Nice-Sophia)
"1420,476536",MAM (Nice-Sophia)
"1421,990485",GI (Orléans)
"1423,504435",
,"1425,018384",Mécanique (Lille)
"1426,532333",IESE (Grenoble)
"1428,046283",Informatique (Nantes)
"1429,560232",EMME (Nancy)
"1431,074182",Informatique (Lyon)
"1432,588131",GP (Clermont-Ferrand)
"1434,10208",Informatique (Paris-Saclay)
"1435,61603",GC (Lille)
"1437,129979",EMME (Nancy)
"1438,643928",ETN (Nantes)
"1440,157878",Informatique (Nantes)
"1441,671827",GBS (Angers)
"1443,185776",Informatique (Marseille)
"1444,699726",EMME (Nancy)
"1446,213675",EIT (Annecy-Chambéry)
"1447,727625",GC (Lille)
"1449,241574",MAM (Nice-Sophia)
"1450,755523",Informatique (Lyon)
"1452,269473",BEMS (Angers)
"1453,783422",MAM (Nice-Sophia)
"1455,297371",MAM (Clermont-Ferrand)
"1456,811321",QIF (Angers)
"1458,32527",Systèmes Embarqués (Lille)
"1459,839219",IG (Montpellier)
"1461,353169",MAI (Sorbonne)
"1462,867118",GC (Lille)
"1464,381068",Systèmes Embarqués (Lille)
"1465,895017",BEMS (Angers)
"1467,408966",MAM (Clermont-Ferrand)
"1468,922916",Robotique (Sorbonne)
"1470,436865",Informatique (Nice-Sophia)
"1471,950814",MAM (Nice-Sophia)
"1473,464764",Matériaux (Nantes)
"1474,978713",IESE (Grenoble)
"1476,492662",Mécanique (Lille)
"1478,006612",SAGI (Angers)
"1479,520561",Robotique (Sorbonne)
"1481,034511",Biomédical (Marseille)
"1482,54846",EIT (Annecy-Chambéry)
"1484,062409",Robotique (Sorbonne)
"1485,576359",MAM (Nice-Sophia)
"1487,090308",GGU (Lille)
"1488,604257",EI (Sorbonne)
"1490,118207",TEAM (Orléans)
"1491,632156",Informatique (Lyon)
"1493,146105",Informatique (Grenoble)
"1494,660055",Eau et Genie Civil (Montpellier)
"1496,174004",MCS (Tours)
"1497,687954",Robotique (Sorbonne)
"1499,201903",Bâtiments (Nice-Sophia)
"1500,715852",MAM (Nice-Sophia)
"1502,229802",GI (Orléans)
"1503,743751",
,"1505,2577",Mécanique (Lille)
"1506,77165",IESE (Grenoble)
"1508,285599",Informatique (Nantes)
"1509,799548",EMME (Nancy)
"1511,313498",Informatique (Lyon)
"1512,827447",GP (Clermont-Ferrand)
"1514,341397",Informatique (Paris-Saclay)
"1515,855346",GC (Lille)
"1517,369295",EMME (Nancy)
"1518,883245",ETN (Nantes)
"1520,397194",Informatique (Nantes)
"1521,911143",GBS (Angers)
"1523,425093",Informatique (Marseille)
"1524,939042",EMME (Nancy)
"1526,452991",EIT (Annecy-Chambéry)
"1527,966941",GC (Lille)
"1529,48089",MAM (Nice-Sophia)
"1530,99484",Informatique (Lyon)
"1532,508789",BEMS (Angers)
"1534,022738",MAM (Nice-Sophia)
"1535,536688",MAM (Clermont-Ferrand)
"1537,050637",QIF (Angers)
"1538,564586",EMME (Nancy)
"1540,078536",EIT (Annecy-Chambéry)
"1541,592485",GC (Lille)
"1543,106434",MAM (Nice-Sophia)
"1544,620384",Informatique (Lyon)
"1546,134333",BEMS (Angers)
"1547,648283",MAM (Nice-Sophia)
"1549,162232",MAM (Clermont-Ferrand)
